Model,MSE,MAE,R2,MAPE,Explained Variance,Max Error,Training Time,Prediction Time
Random Forest,8.237366052415002,1.4972823500000008,0.9993931765559636,0.029742913867826452,0.99939809711129,28.24279999999996,2.6212635040283203,0.04455089569091797
Gradient Boosting,23.72883239261607,3.5271313095106596,0.9982519640739739,0.33065699881555743,0.998254601022914,37.12780729835703,1.1099638938903809,0.003188610076904297
Decision Tree,26.840715,2.9051199999999997,0.9980227204894064,0.03977465426647052,0.99802526853076,65.20999999999998,0.041262149810791016,0.000484466552734375
KNN,290.625045986,11.905039,0.9785904753769252,0.7108063134829063,0.9785937143602583,135.70799999999997,0.0064983367919921875,0.02798175811767578
Linear Regression,1098.0764085250614,22.37028755635732,0.9191078187133698,1.3750853359495907,0.9191413280795919,190.54631778046962,0.003023386001586914,0.0013537406921386719
SVR,1184.8282772728774,16.34389143973698,0.9127170540641881,0.66174830242978,0.9164058615408397,303.955043181979,1.8064429759979248,0.48566675186157227
