Model,MSE,MAE,R2,MAPE,Explained Variance,Max Error,Training Time,Prediction Time
Random Forest,8.237366052415002,1.4972823500000008,0.9993931765559636,0.029742913867826452,0.99939809711129,28.24279999999996,2.61780047416687,0.04356646537780762
Gradient Boosting,23.728832392616106,3.5271313095106627,0.9982519640739739,0.33065699881555677,0.998254601022914,37.127807298357055,1.1154448986053467,0.003223419189453125
Decision Tree,26.198305499999996,2.9029700000000003,0.9980700449791512,0.0347097975684929,0.9980734988821557,65.20999999999998,0.04146265983581543,0.0004892349243164062
KNN,290.625045986,11.905039,0.9785904753769252,0.7108063134829063,0.9785937143602583,135.70799999999997,0.006493091583251953,0.027737855911254883
Linear Regression,1098.0764085250614,22.37028755635732,0.9191078187133698,1.3750853359495907,0.9191413280795919,190.54631778046962,0.002954721450805664,0.0010118484497070312
SVR,1184.8282772728774,16.34389143973698,0.9127170540641881,0.66174830242978,0.9164058615408397,303.955043181979,1.809406042098999,0.4813194274902344
