Model,MSE,MAE,R2,MAPE,Explained Variance,Max Error,Training Time,Prediction Time
Random Forest,8.237366052415002,1.4972823500000008,0.9993931765559636,0.029742913867826452,0.99939809711129,28.24279999999996,2.6156013011932373,0.0444791316986084
Gradient Boosting,23.7288323926161,3.5271313095106636,0.9982519640739739,0.3306569988155581,0.998254601022914,37.12780729835703,1.1095995903015137,0.0032215118408203125
Decision Tree,25.569396849999997,2.8638649999999997,0.9981163748994861,0.038027384406586026,0.998119151011099,65.20999999999998,0.04126286506652832,0.0004825592041015625
KNN,290.625045986,11.905039,0.9785904753769252,0.7108063134829063,0.9785937143602583,135.70799999999997,0.006516456604003906,0.02808380126953125
Linear Regression,1098.0764085250614,22.37028755635732,0.9191078187133698,1.3750853359495907,0.9191413280795919,190.54631778046962,0.0029985904693603516,0.0022585391998291016
SVR,1184.8282772728774,16.34389143973698,0.9127170540641881,0.66174830242978,0.9164058615408397,303.955043181979,1.827711820602417,0.484499454498291
