Model,MSE,MAE,R2,MAPE,Explained Variance,Max Error,Training Time,Prediction Time
Random Forest,8.237366052415002,1.4972823500000008,0.9993931765559636,0.029742913867826452,0.99939809711129,28.24279999999996,2.6264069080352783,0.04321575164794922
Gradient Boosting,23.72883239261611,3.5271313095106627,0.9982519640739739,0.3306569988155558,0.998254601022914,37.127807298357,1.1229619979858398,0.003203153610229492
Decision Tree,26.7158063,2.91174,0.9980319221598241,0.03456838093812799,0.9980382533216077,65.20999999999998,0.04139256477355957,0.0004799365997314453
KNN,290.625045986,11.905039,0.9785904753769252,0.7108063134829063,0.9785937143602583,135.70799999999997,0.006463050842285156,0.02783036231994629
Linear Regression,1098.0764085250614,22.37028755635732,0.9191078187133698,1.3750853359495907,0.9191413280795919,190.54631778046962,0.002984285354614258,0.002476215362548828
SVR,1184.8282772728774,16.34389143973698,0.9127170540641881,0.66174830242978,0.9164058615408397,303.955043181979,1.798105239868164,0.5437197685241699
