Model,MSE,MAE,R2,MAPE,Explained Variance,Max Error,Training Time,Prediction Time
Random Forest,8.237366052415002,1.4972823500000008,0.9993931765559636,0.029742913867826452,0.99939809711129,28.24279999999996,2.62337589263916,0.04329204559326172
Gradient Boosting,23.728832392616074,3.527131309510662,0.9982519640739739,0.33065699881555655,0.998254601022914,37.127807298357055,1.112450122833252,0.0031614303588867188
Decision Tree,25.017115799999996,2.8597299999999994,0.9981570598813971,0.038433718254769614,0.9981611659780667,65.20999999999998,0.0414891242980957,0.0005025863647460938
KNN,290.625045986,11.905039,0.9785904753769252,0.7108063134829063,0.9785937143602583,135.70799999999997,0.006569623947143555,0.027979612350463867
Linear Regression,1098.0764085250614,22.37028755635732,0.9191078187133698,1.3750853359495907,0.9191413280795919,190.54631778046962,0.0029959678649902344,0.0029609203338623047
SVR,1184.8282772728774,16.34389143973698,0.9127170540641881,0.66174830242978,0.9164058615408397,303.955043181979,1.8294687271118164,0.4810059070587158
