Model,MSE,MAE,R2,MAPE,Explained Variance,Max Error,Training Time,Prediction Time
Random Forest,8.237366052415002,1.4972823500000008,0.9993931765559636,0.029742913867826452,0.99939809711129,28.24279999999996,2.616265296936035,0.04483342170715332
Gradient Boosting,23.728832392616063,3.527131309510661,0.9982519640739739,0.3306569988155564,0.998254601022914,37.127807298356885,1.1233527660369873,0.0032014846801757812
Decision Tree,26.628975750000002,2.921245,0.9980383187206985,0.03865420412119142,0.9980406786949112,63.329999999999984,0.04147648811340332,0.0004830360412597656
KNN,290.625045986,11.905039,0.9785904753769252,0.7108063134829063,0.9785937143602583,135.70799999999997,0.006499290466308594,0.029401540756225586
Linear Regression,1098.0764085250614,22.37028755635732,0.9191078187133698,1.3750853359495907,0.9191413280795919,190.54631778046962,0.003126382827758789,0.0032596588134765625
SVR,1184.8282772728774,16.34389143973698,0.9127170540641881,0.66174830242978,0.9164058615408397,303.955043181979,1.79243803024292,0.4887864589691162
