Model,MSE,MAE,R2,MAPE,Explained Variance,Max Error,Training Time,Prediction Time
Random Forest,8.237366052415002,1.4972823500000008,0.9993931765559636,0.029742913867826452,0.99939809711129,28.24279999999996,2.6118314266204834,0.04464387893676758
Gradient Boosting,23.728832392616095,3.527131309510663,0.9982519640739739,0.3306569988155571,0.998254601022914,37.127807298357,1.1130445003509521,0.003204822540283203
Decision Tree,27.437054999999997,2.9076899999999997,0.9979787898093426,0.038576230030489836,0.9979810546413282,65.20999999999998,0.041300058364868164,0.0004734992980957031
KNN,290.625045986,11.905039,0.9785904753769252,0.7108063134829063,0.9785937143602583,135.70799999999997,0.0064945220947265625,0.027817249298095703
Linear Regression,1098.0764085250614,22.37028755635732,0.9191078187133698,1.3750853359495907,0.9191413280795919,190.54631778046962,0.0029938220977783203,0.0025475025177001953
SVR,1184.8282772728774,16.34389143973698,0.9127170540641881,0.66174830242978,0.9164058615408397,303.955043181979,1.8184294700622559,0.4785425662994385
