Model,MSE,MAE,R2,MAPE,Explained Variance,Max Error,Training Time,Prediction Time
Random Forest,8.237366052415002,1.4972823500000008,0.9993931765559636,0.029742913867826452,0.99939809711129,28.24279999999996,2.6276731491088867,0.04372715950012207
Gradient Boosting,23.728832392616063,3.5271313095106596,0.9982519640739739,0.3306569988155576,0.998254601022914,37.127807298357,1.110851526260376,0.0031867027282714844
Decision Tree,26.066516949999997,2.894925,0.9980797534686473,0.0384442438477035,0.9980849445257385,65.20999999999998,0.04137992858886719,0.0004820823669433594
KNN,290.625045986,11.905039,0.9785904753769252,0.7108063134829063,0.9785937143602583,135.70799999999997,0.006501197814941406,0.027966022491455078
Linear Regression,1098.0764085250614,22.37028755635732,0.9191078187133698,1.3750853359495907,0.9191413280795919,190.54631778046962,0.0030236244201660156,0.0022749900817871094
SVR,1184.8282772728774,16.34389143973698,0.9127170540641881,0.66174830242978,0.9164058615408397,303.955043181979,1.7936367988586426,0.4833660125732422
