Model,MSE,MAE,R2,MAPE,Explained Variance,Max Error,Training Time,Prediction Time
Random Forest,8.237366052415002,1.4972823500000008,0.9993931765559636,0.029742913867826452,0.99939809711129,28.24279999999996,2.621764659881592,0.0461273193359375
Gradient Boosting,23.7288323926161,3.5271313095106627,0.9982519640739739,0.3306569988155568,0.998254601022914,37.127807298357055,1.128000259399414,0.0032432079315185547
Decision Tree,25.39398755,2.8600149999999993,0.9981292968061811,0.03464289816623177,0.9981339118766147,65.20999999999998,0.04149270057678223,0.0005290508270263672
KNN,290.625045986,11.905039,0.9785904753769252,0.7108063134829063,0.9785937143602583,135.70799999999997,0.006577730178833008,0.027944326400756836
Linear Regression,1098.0764085250614,22.37028755635732,0.9191078187133698,1.3750853359495907,0.9191413280795919,190.54631778046962,0.003117799758911133,0.003743886947631836
SVR,1184.8282772728774,16.34389143973698,0.9127170540641881,0.66174830242978,0.9164058615408397,303.955043181979,1.8346903324127197,0.5120396614074707
