Model,MSE,MAE,R2,MAPE,Explained Variance,Max Error,Training Time,Prediction Time
Random Forest,8.237366052415002,1.4972823500000008,0.9993931765559636,0.029742913867826452,0.99939809711129,28.24279999999996,2.644771099090576,0.044483184814453125
Gradient Boosting,23.728832392616116,3.527131309510664,0.9982519640739739,0.33065699881555655,0.998254601022914,37.127807298357055,1.109290361404419,0.003229856491088867
Decision Tree,24.837514149999997,2.8514049999999997,0.9981702906266516,0.03830891389073945,0.9981726659206154,65.20999999999998,0.04164743423461914,0.0006499290466308594
KNN,290.625045986,11.905039,0.9785904753769252,0.7108063134829063,0.9785937143602583,135.70799999999997,0.006516456604003906,0.028162717819213867
Linear Regression,1098.0764085250614,22.37028755635732,0.9191078187133698,1.3750853359495907,0.9191413280795919,190.54631778046962,0.0032105445861816406,0.002543926239013672
SVR,1184.8282772728774,16.34389143973698,0.9127170540641881,0.66174830242978,0.9164058615408397,303.955043181979,1.8045060634613037,0.4795351028442383
