Model,MSE,MAE,R2,MAPE,Explained Variance,Max Error,Training Time,Prediction Time
Random Forest,8.237366052415002,1.4972823500000008,0.9993931765559636,0.029742913867826452,0.99939809711129,28.24279999999996,2.620347499847412,0.04371523857116699
Gradient Boosting,23.728832392616084,3.5271313095106627,0.9982519640739739,0.330656998815557,0.998254601022914,37.12780729835697,1.111454725265503,0.0032196044921875
Decision Tree,25.672149299999997,2.88224,0.9981088054173002,0.03417563849674046,0.998115325860578,65.20999999999998,0.04147768020629883,0.0006852149963378906
KNN,290.625045986,11.905039,0.9785904753769252,0.7108063134829063,0.9785937143602583,135.70799999999997,0.00647735595703125,0.02768707275390625
Linear Regression,1098.0764085250614,22.37028755635732,0.9191078187133698,1.3750853359495907,0.9191413280795919,190.54631778046962,0.0031206607818603516,0.003039121627807617
SVR,1184.8282772728774,16.34389143973698,0.9127170540641881,0.66174830242978,0.9164058615408397,303.955043181979,1.807568073272705,0.4801626205444336
