Model,MSE,MAE,R2,MAPE,Explained Variance,Max Error,Training Time,Prediction Time
Random Forest,8.237366052415002,1.4972823500000008,0.9993931765559636,0.029742913867826452,0.99939809711129,28.24279999999996,2.6348702907562256,0.04454612731933594
Gradient Boosting,23.728832392616084,3.5271313095106627,0.9982519640739739,0.3306569988155567,0.998254601022914,37.127807298357,1.1095333099365234,0.003215789794921875
Decision Tree,25.989940349999998,2.8933749999999994,0.9980853946500455,0.03435097987845281,0.9980888086316854,65.20999999999998,0.04146575927734375,0.0005733966827392578
KNN,290.625045986,11.905039,0.9785904753769252,0.7108063134829063,0.9785937143602583,135.70799999999997,0.006515026092529297,0.02773904800415039
Linear Regression,1098.0764085250614,22.37028755635732,0.9191078187133698,1.3750853359495907,0.9191413280795919,190.54631778046962,0.0032150745391845703,0.0024423599243164062
SVR,1184.8282772728774,16.34389143973698,0.9127170540641881,0.66174830242978,0.9164058615408397,303.955043181979,1.8096606731414795,0.48096370697021484
