Model,MSE,MAE,R2,MAPE,Explained Variance,Max Error,Training Time,Prediction Time
Random Forest,8.237366052415002,1.4972823500000008,0.9993931765559636,0.029742913867826452,0.99939809711129,28.24279999999996,2.6138453483581543,0.04463696479797363
Gradient Boosting,23.72883239261606,3.5271313095106605,0.9982519640739739,0.330656998815557,0.998254601022914,37.127807298357,1.1118907928466797,0.003206491470336914
Decision Tree,25.989442899999993,2.89641,0.9980854312957791,0.033733653239815115,0.9980876424573197,65.20999999999998,0.04335212707519531,0.0006039142608642578
KNN,290.625045986,11.905039,0.9785904753769252,0.7108063134829063,0.9785937143602583,135.70799999999997,0.006510496139526367,0.02801656723022461
Linear Regression,1098.0764085250614,22.37028755635732,0.9191078187133698,1.3750853359495907,0.9191413280795919,190.54631778046962,0.003075838088989258,0.003062725067138672
SVR,1184.8282772728774,16.34389143973698,0.9127170540641881,0.66174830242978,0.9164058615408397,303.955043181979,1.8008551597595215,0.4841294288635254
