Model,MSE,MAE,R2,MAPE,Explained Variance,Max Error,Training Time,Prediction Time
Random Forest,8.237366052415002,1.4972823500000008,0.9993931765559636,0.029742913867826452,0.99939809711129,28.24279999999996,2.61604905128479,0.045209407806396484
Gradient Boosting,23.728832392616084,3.5271313095106627,0.9982519640739739,0.3306569988155572,0.998254601022914,37.127807298357,1.1221199035644531,0.0032148361206054688
Decision Tree,26.857736149999997,2.9453549999999997,0.9980214665894585,0.03480360613535548,0.9980254461916801,63.329999999999984,0.043291568756103516,0.0006532669067382812
KNN,290.625045986,11.905039,0.9785904753769252,0.7108063134829063,0.9785937143602583,135.70799999999997,0.00654911994934082,0.02863454818725586
Linear Regression,1098.0764085250614,22.37028755635732,0.9191078187133698,1.3750853359495907,0.9191413280795919,190.54631778046962,0.0030698776245117188,0.0027201175689697266
SVR,1184.8282772728774,16.34389143973698,0.9127170540641881,0.66174830242978,0.9164058615408397,303.955043181979,1.8393127918243408,0.48329782485961914
