Model,MSE,MAE,R2,MAPE,Explained Variance,Max Error,Training Time,Prediction Time
Random Forest,8.237366052415002,1.4972823500000008,0.9993931765559636,0.029742913867826452,0.99939809711129,28.24279999999996,2.63936185836792,0.044560909271240234
Gradient Boosting,23.72883239261608,3.527131309510662,0.9982519640739739,0.33065699881555727,0.998254601022914,37.127807298357,1.1124210357666016,0.0032372474670410156
Decision Tree,25.232266099999997,2.80693,0.9981412103677054,0.03393333353177724,0.9981431137319793,65.20999999999998,0.041460514068603516,0.0005247592926025391
KNN,290.625045986,11.905039,0.9785904753769252,0.7108063134829063,0.9785937143602583,135.70799999999997,0.006528377532958984,0.027711153030395508
Linear Regression,1098.0764085250614,22.37028755635732,0.9191078187133698,1.3750853359495907,0.9191413280795919,190.54631778046962,0.003191709518432617,0.0031654834747314453
SVR,1184.8282772728774,16.34389143973698,0.9127170540641881,0.66174830242978,0.9164058615408397,303.955043181979,1.8078045845031738,0.4875619411468506
