Model,MSE,MAE,R2,MAPE,Explained Variance,Max Error,Training Time,Prediction Time
Random Forest,8.237366052415002,1.4972823500000008,0.9993931765559636,0.029742913867826452,0.99939809711129,28.24279999999996,2.6089627742767334,0.04348587989807129
Gradient Boosting,23.728832392616052,3.527131309510661,0.9982519640739739,0.33065699881555755,0.998254601022914,37.12780729835694,1.1122384071350098,0.0032396316528320312
Decision Tree,25.788419299999994,2.89031,0.9981002401354626,0.0347596429906642,0.9981043926253805,65.20999999999998,0.04154181480407715,0.0005176067352294922
KNN,290.625045986,11.905039,0.9785904753769252,0.7108063134829063,0.9785937143602583,135.70799999999997,0.006518125534057617,0.027899742126464844
Linear Regression,1098.0764085250614,22.37028755635732,0.9191078187133698,1.3750853359495907,0.9191413280795919,190.54631778046962,0.003229379653930664,0.0029735565185546875
SVR,1184.8282772728774,16.34389143973698,0.9127170540641881,0.66174830242978,0.9164058615408397,303.955043181979,1.8329904079437256,0.47951269149780273
