Model,MSE,MAE,R2,MAPE,Explained Variance,Max Error,Training Time,Prediction Time
Random Forest,8.237366052415002,1.4972823500000008,0.9993931765559636,0.029742913867826452,0.99939809711129,28.24279999999996,2.6370718479156494,0.04456734657287598
Gradient Boosting,23.728832392616084,3.5271313095106605,0.9982519640739739,0.3306569988155576,0.998254601022914,37.127807298357055,1.1176562309265137,0.0032646656036376953
Decision Tree,25.475282099999998,2.8923599999999996,0.998123308066759,0.0385101272533282,0.9981267076322328,63.46999999999997,0.043065786361694336,0.000598907470703125
KNN,290.625045986,11.905039,0.9785904753769252,0.7108063134829063,0.9785937143602583,135.70799999999997,0.006551265716552734,0.027932405471801758
Linear Regression,1098.0764085250614,22.37028755635732,0.9191078187133698,1.3750853359495907,0.9191413280795919,190.54631778046962,0.003088235855102539,0.0009791851043701172
SVR,1184.8282772728774,16.34389143973698,0.9127170540641881,0.66174830242978,0.9164058615408397,303.955043181979,1.831974983215332,0.48071718215942383
