Model,MSE,MAE,R2,MAPE,Explained Variance,Max Error,Training Time,Prediction Time
Random Forest,8.237366052415002,1.4972823500000008,0.9993931765559636,0.029742913867826452,0.99939809711129,28.24279999999996,2.6041626930236816,0.04405999183654785
Gradient Boosting,23.728832392616102,3.527131309510663,0.9982519640739739,0.3306569988155569,0.998254601022914,37.12780729835703,1.1089539527893066,0.003198385238647461
Decision Tree,24.815438749999995,2.863785,0.9981719168588927,0.03849601114038663,0.9981744549086079,65.20999999999998,0.04121041297912598,0.0005064010620117188
KNN,290.625045986,11.905039,0.9785904753769252,0.7108063134829063,0.9785937143602583,135.70799999999997,0.00651097297668457,0.027856826782226562
Linear Regression,1098.0764085250614,22.37028755635732,0.9191078187133698,1.3750853359495907,0.9191413280795919,190.54631778046962,0.0029265880584716797,0.002702474594116211
SVR,1184.8282772728774,16.34389143973698,0.9127170540641881,0.66174830242978,0.9164058615408397,303.955043181979,1.8052620887756348,0.47926878929138184
