Model,MSE,MAE,R2,MAPE,Explained Variance,Max Error,Training Time,Prediction Time
Random Forest,8.237366052415002,1.4972823500000008,0.9993931765559636,0.029742913867826452,0.99939809711129,28.24279999999996,2.610330820083618,0.043715476989746094
Gradient Boosting,23.728832392616066,3.527131309510659,0.9982519640739739,0.3306569988155566,0.998254601022914,37.12780729835697,1.1212894916534424,0.0032150745391845703
Decision Tree,26.041932599999992,2.91499,0.9980815645281342,0.038436122015392385,0.9980855002482206,63.46999999999997,0.0414121150970459,0.0004978179931640625
KNN,290.625045986,11.905039,0.9785904753769252,0.7108063134829063,0.9785937143602583,135.70799999999997,0.006458759307861328,0.028014421463012695
Linear Regression,1098.0764085250614,22.37028755635732,0.9191078187133698,1.3750853359495907,0.9191413280795919,190.54631778046962,0.0029337406158447266,0.0009610652923583984
SVR,1184.8282772728774,16.34389143973698,0.9127170540641881,0.66174830242978,0.9164058615408397,303.955043181979,1.803476095199585,0.5021889209747314
