Model,MSE,MAE,R2,MAPE,Explained Variance,Max Error,Training Time,Prediction Time
Random Forest,8.237366052415002,1.4972823500000008,0.9993931765559636,0.029742913867826452,0.99939809711129,28.24279999999996,4.582340478897095,0.05596423149108887
Gradient Boosting,23.72883239261608,3.5271313095106622,0.9982519640739739,0.330656998815557,0.998254601022914,37.127807298357,1.5408072471618652,0.003003358840942383
Decision Tree,26.017572149999996,2.9111349999999994,0.9980833590935418,0.034318756587013555,0.9980894971680322,65.20999999999998,0.09670829772949219,0.0010004043579101562
KNN,290.625045986,11.905039,0.9785904753769252,0.7108063134829063,0.9785937143602583,135.70799999999997,0.05289721488952637,0.08397889137268066
Linear Regression,1098.076408525061,22.370287556357297,0.9191078187133698,1.3750853359495996,0.9191413280795919,190.54631778046974,0.008922338485717773,0.0
SVR,1184.8282772728774,16.34389143973698,0.9127170540641881,0.66174830242978,0.9164058615408397,303.955043181979,2.8057518005371094,1.5535473823547363
