Model,MSE,MAE,R2,MAPE,Explained Variance,Max Error,Training Time,Prediction Time
Random Forest,8.237366052415002,1.4972823500000008,0.9993931765559636,0.029742913867826452,0.99939809711129,28.24279999999996,2.6168053150177,0.04500317573547363
Gradient Boosting,23.728832392616116,3.5271313095106653,0.9982519640739739,0.3306569988155574,0.998254601022914,37.127807298357055,1.1245388984680176,0.00323486328125
Decision Tree,26.160733949999994,2.9226949999999996,0.9980728127689064,0.0346736578687795,0.9980758373138412,65.20999999999998,0.041671037673950195,0.00047779083251953125
KNN,290.625045986,11.905039,0.9785904753769252,0.7108063134829063,0.9785937143602583,135.70799999999997,0.006578922271728516,0.02939748764038086
Linear Regression,1098.0764085250614,22.37028755635732,0.9191078187133698,1.3750853359495907,0.9191413280795919,190.54631778046962,0.003227710723876953,0.0026009082794189453
SVR,1184.8282772728774,16.34389143973698,0.9127170540641881,0.66174830242978,0.9164058615408397,303.955043181979,1.792423963546753,0.4904820919036865
