Model,MSE,MAE,R2,MAPE,Explained Variance,Max Error,Training Time,Prediction Time
Random Forest,8.237366052415002,1.4972823500000008,0.9993931765559636,0.029742913867826452,0.99939809711129,28.24279999999996,2.6104257106781006,0.04407143592834473
Gradient Boosting,23.728832392616116,3.5271313095106636,0.9982519640739739,0.330656998815557,0.998254601022914,37.12780729835703,1.1105680465698242,0.003193378448486328
Decision Tree,25.590081100000003,2.92965,0.9981148511493283,0.0347332096825301,0.9981181801876217,65.20999999999998,0.041371822357177734,0.0005710124969482422
KNN,290.625045986,11.905039,0.9785904753769252,0.7108063134829063,0.9785937143602583,135.70799999999997,0.006474971771240234,0.02798914909362793
Linear Regression,1098.0764085250614,22.37028755635732,0.9191078187133698,1.3750853359495907,0.9191413280795919,190.54631778046962,0.0032143592834472656,0.0023164749145507812
SVR,1184.8282772728774,16.34389143973698,0.9127170540641881,0.66174830242978,0.9164058615408397,303.955043181979,1.8064320087432861,0.5185134410858154
